sample_idx,min_ade,min_fde,best_ade_k,best_fde_k,conf_ade,conf_fde,conf_k,conf_prob
577,0.11677342653274536,0.19736218452453613,2,2,0.11677342653274536,0.19736218452453613,2,0.9922358393669128
2895,1.5107531547546387,3.9947643280029297,5,5,1.5107531547546387,3.9947643280029297,5,0.7943000197410583
2264,0.5869171023368835,0.8111348748207092,1,1,0.6366987824440002,3.9855470657348633,2,0.7480995655059814
2472,0.041671354323625565,0.04690587893128395,2,2,0.041671354323625565,0.04690587893128395,2,0.6870784759521484
1372,0.1245327889919281,0.16144615411758423,2,2,0.1245327889919281,0.16144615411758423,2,0.8535887002944946
3101,0.09007091075181961,0.053788211196660995,0,0,0.09007091075181961,0.053788211196660995,0,0.5367811322212219
2559,0.09280729293823242,0.11048213392496109,2,2,0.09280729293823242,0.11048213392496109,2,0.8162440061569214
1470,0.12107963114976883,0.0980159118771553,2,2,0.12107963114976883,0.0980159118771553,2,0.8168715834617615
125,0.015099150128662586,0.01392179075628519,2,2,0.015099150128662586,0.01392179075628519,2,0.9829075932502747
1005,0.47828805446624756,0.820702314376831,2,2,1.1772804260253906,2.527353286743164,0,0.4451862871646881
3310,0.29708266258239746,0.661693811416626,5,5,0.29708266258239746,0.661693811416626,5,0.6345420479774475
2420,0.114335797727108,0.08884910494089127,0,0,0.114335797727108,0.08884910494089127,0,0.9190096259117126
3423,0.060089852660894394,0.14496470987796783,2,2,0.060089852660894394,0.14496470987796783,2,0.9498727917671204
3012,0.022668102756142616,0.042881954461336136,2,2,0.022668102756142616,0.042881954461336136,2,0.8762252330780029
1870,1.889668583869934,3.139791965484619,5,5,1.889668583869934,3.139791965484619,5,0.8311439752578735
2256,0.1557920277118683,0.2356928288936615,0,2,0.2514253556728363,0.2356928288936615,2,0.7313681840896606
3207,0.1333400309085846,0.1518806368112564,2,2,0.1333400309085846,0.1518806368112564,2,0.9557912349700928
2787,0.10195323824882507,0.16976118087768555,0,0,0.10195323824882507,0.16976118087768555,0,0.5532271265983582
1947,0.34093746542930603,0.57578045129776,2,2,1.4350519180297852,3.3639605045318604,0,0.4056079387664795
2834,0.0779430940747261,0.07713243365287781,2,2,0.29323527216911316,0.44580376148223877,0,0.6037916541099548
598,0.1280403584241867,0.11753351986408234,0,0,0.29915788769721985,0.4582882225513458,2,0.8262966275215149
1914,1.388069987297058,5.5496063232421875,5,5,1.388069987297058,5.5496063232421875,5,0.991883397102356
2125,0.09647715091705322,0.06993426382541656,0,0,0.09898834675550461,0.2142280638217926,2,0.7360225915908813
601,0.1387101709842682,0.11830271035432816,0,0,0.26706987619400024,0.45537304878234863,2,0.8315786719322205
2297,0.0650346428155899,0.13314683735370636,2,0,0.0650346428155899,0.20577029883861542,2,0.785560667514801
788,0.05383006110787392,0.06081567332148552,2,2,0.05383006110787392,0.06081567332148552,2,0.9866912364959717
818,3.5327351093292236,5.799147605895996,3,3,4.897327423095703,13.728625297546387,5,0.6210888624191284
1891,2.953538179397583,4.3149733543396,5,4,2.953538179397583,8.391413688659668,5,0.23043037950992584
3225,0.017320096492767334,0.015589379705488682,2,2,0.017320096492767334,0.015589379705488682,2,0.9869619607925415
532,0.02999637834727764,0.03189782053232193,2,2,0.02999637834727764,0.03189782053232193,2,0.9265926480293274
1512,0.17654190957546234,0.29217028617858887,2,2,0.17654190957546234,0.29217028617858887,2,0.8253999352455139
920,0.040157217532396317,0.057808443903923035,2,2,0.040157217532396317,0.057808443903923035,2,0.9975996613502502
1784,0.060068607330322266,0.11164887249469757,2,2,0.060068607330322266,0.11164887249469757,2,0.9968768358230591
2677,0.13313396275043488,0.10408198833465576,2,2,0.13313396275043488,0.10408198833465576,2,0.4280373454093933
1506,0.13361060619354248,0.2182813137769699,2,2,0.13361060619354248,0.2182813137769699,2,0.9544223546981812
2596,0.10077331215143204,0.13295041024684906,2,2,0.10077331215143204,0.13295041024684906,2,0.6407896280288696
486,0.06262627243995667,0.20986872911453247,2,2,0.06262627243995667,0.20986872911453247,2,0.9706666469573975
1297,0.47425973415374756,0.7559844851493835,5,5,0.47425973415374756,0.7559844851493835,5,0.8760163187980652
3347,0.06655974686145782,0.15003052353858948,2,2,0.06655974686145782,0.15003052353858948,2,0.9659352898597717
1257,0.10973741859197617,0.10545068979263306,2,2,0.10973741859197617,0.10545068979263306,2,0.9519210457801819
842,0.02910677157342434,0.056687455624341965,2,2,0.02910677157342434,0.056687455624341965,2,0.9979198575019836
1894,1.2842292785644531,1.7350516319274902,5,5,1.2842292785644531,1.7350516319274902,5,0.9898543953895569
2192,0.1931551694869995,0.17344382405281067,0,0,0.3701011836528778,0.47086212038993835,2,0.756921112537384
317,0.015061255544424057,0.01432831771671772,2,2,0.015061255544424057,0.01432831771671772,2,0.9833064675331116
1255,0.26283857226371765,0.30261555314064026,2,2,0.26283857226371765,0.30261555314064026,2,0.997738242149353
3007,0.029572658240795135,0.08491171151399612,2,2,0.029572658240795135,0.08491171151399612,2,0.9036537408828735
3162,0.04995479807257652,0.10406257212162018,2,2,0.04995479807257652,0.10406257212162018,2,0.9547507166862488
1605,0.025596827268600464,0.012110442854464054,2,2,0.025596827268600464,0.012110442854464054,2,0.9957420229911804
3059,0.08345022797584534,0.08557498455047607,2,2,0.08345022797584534,0.08557498455047607,2,0.824952244758606
3196,0.020329229533672333,0.04118995741009712,2,2,0.020329229533672333,0.04118995741009712,2,0.8677034378051758
553,0.10156001895666122,0.08282259851694107,2,2,0.10156001895666122,0.08282259851694107,2,0.9136316776275635
1194,0.14611874520778656,0.16985780000686646,0,2,0.162000834941864,0.16985780000686646,2,0.8416836261749268
2803,0.1259385496377945,0.13718971610069275,2,2,0.1259385496377945,0.13718971610069275,2,0.5161100625991821
648,0.16159959137439728,0.26129794120788574,2,2,0.16159959137439728,0.26129794120788574,2,0.8969960808753967
2783,0.060060594230890274,0.054869793355464935,2,2,0.060060594230890274,0.054869793355464935,2,0.6430079340934753
255,0.3031492233276367,0.22469736635684967,5,5,4.908054828643799,11.57109546661377,3,0.6671233773231506
3122,3.9591100215911865,10.254197120666504,5,5,3.9591100215911865,10.254197120666504,5,0.809870183467865
3172,0.05222122743725777,0.07335077226161957,2,2,0.05222122743725777,0.07335077226161957,2,0.8359403610229492
2204,0.16338734328746796,0.25975775718688965,2,2,0.16338734328746796,0.25975775718688965,2,0.7253720760345459
2196,0.20447929203510284,0.23882661759853363,0,2,0.20447929203510284,0.3770025670528412,0,0.9418667554855347
3402,2.7398881912231445,4.870784759521484,5,5,2.7398881912231445,4.870784759521484,5,0.874769926071167
2367,0.20519794523715973,0.24062342941761017,2,0,0.2086988091468811,0.24062342941761017,0,0.633077085018158
1881,0.7424793243408203,1.3508943319320679,5,5,0.7424793243408203,1.3508943319320679,5,0.8267665505409241
2130,0.18121963739395142,0.29293015599250793,2,2,0.18121963739395142,0.29293015599250793,2,0.4943540096282959
1855,0.6115619540214539,0.6277808547019958,5,5,0.6115619540214539,0.6277808547019958,5,0.9914435744285583
1465,0.07451498508453369,0.047976329922676086,2,2,0.07451498508453369,0.047976329922676086,2,0.8648431301116943
2323,0.14645947515964508,0.3897760212421417,0,2,0.14645947515964508,0.3991978168487549,0,0.5017541646957397
2200,0.16944700479507446,0.20373190939426422,2,2,0.16944700479507446,0.20373190939426422,2,0.7147147059440613
2158,0.22538872063159943,0.3171665072441101,2,2,0.22538872063159943,0.3171665072441101,2,0.7896721959114075
1328,0.21012403070926666,0.18763397634029388,2,2,0.349360853433609,0.5190273523330688,0,0.5987549424171448
1950,0.06040662154555321,0.18290124833583832,2,2,0.06040662154555321,0.18290124833583832,2,0.8668227791786194
3102,0.6608925461769104,0.8068639636039734,0,0,0.6608925461769104,0.8068639636039734,0,0.35609006881713867
1552,0.0561494380235672,0.08645112067461014,2,2,0.0561494380235672,0.08645112067461014,2,0.8647708892822266
981,0.02623736672103405,0.08406220376491547,2,2,0.02623736672103405,0.08406220376491547,2,0.8541382551193237
1709,0.02507230080664158,0.06493992358446121,2,2,0.02507230080664158,0.06493992358446121,2,0.8127801418304443
2777,0.0503193736076355,0.037525955587625504,2,2,0.0503193736076355,0.037525955587625504,2,0.6503143906593323
72,0.11990341544151306,0.16590194404125214,2,2,0.11990341544151306,0.16590194404125214,2,0.9971828460693359
974,0.03841731324791908,0.12477943301200867,2,2,0.03841731324791908,0.12477943301200867,2,0.7954049706459045
2789,0.10842830687761307,0.19979742169380188,0,0,0.10842830687761307,0.19979742169380188,0,0.5876829624176025
1311,0.018221981823444366,0.019944479689002037,2,2,0.018221981823444366,0.019944479689002037,2,0.915241539478302
627,0.02683921903371811,0.031239045783877373,2,2,0.02683921903371811,0.031239045783877373,2,0.9981347322463989
3439,0.22422681748867035,0.5672127604484558,2,2,0.22422681748867035,0.5672127604484558,2,0.5521573424339294
1940,0.10989909619092941,0.11746176332235336,2,2,0.10989909619092941,0.11746176332235336,2,0.8919058442115784
2641,0.14816167950630188,0.2187444120645523,2,2,0.5741254091262817,0.702398955821991,0,0.5173868536949158
742,1.3617639541625977,2.0573220252990723,5,5,1.3617639541625977,2.0573220252990723,5,0.9566053152084351
2391,0.03663792088627815,0.04144920036196709,2,2,0.03663792088627815,0.04144920036196709,2,0.9034785628318787
466,0.1579645723104477,0.4600071907043457,2,2,0.32995668053627014,0.716919481754303,0,0.5553740859031677
1462,0.2107398957014084,0.3465670049190521,0,0,0.25594329833984375,0.35409387946128845,2,0.990670919418335
1349,0.05462373420596123,0.04688463360071182,2,2,0.2784021198749542,0.45658108592033386,0,0.5027036666870117
2445,0.1683817356824875,0.22308382391929626,2,2,0.1683817356824875,0.22308382391929626,2,0.606077253818512
3088,2.8402798175811768,4.499700546264648,0,0,19.76158905029297,43.08100128173828,5,0.9284840226173401
1146,0.08747055381536484,0.0917239859700203,2,2,0.08747055381536484,0.0917239859700203,2,0.829098641872406
2157,0.09616273641586304,0.23446795344352722,2,2,0.09616273641586304,0.23446795344352722,2,0.7416455745697021
2191,0.05336195230484009,0.07475381344556808,2,2,0.05336195230484009,0.07475381344556808,2,0.714529275894165
654,0.0915103554725647,0.23659013211727142,2,2,0.0915103554725647,0.23659013211727142,2,0.8884434700012207
942,1.290836215019226,1.8342561721801758,0,0,15.030308723449707,31.072158813476562,5,0.32079651951789856
524,0.1260228157043457,0.11591648310422897,0,0,0.24785371124744415,0.48463135957717896,2,0.8137499690055847
5,0.162884920835495,0.41593652963638306,2,0,0.162884920835495,0.5327471494674683,2,0.8960516452789307
2955,1.318709373474121,1.1429100036621094,5,5,1.318709373474121,1.1429100036621094,5,0.8557678461074829
2799,0.13933192193508148,0.214628204703331,2,2,0.13933192193508148,0.214628204703331,2,0.7265233993530273
1119,0.18239825963974,0.24277272820472717,2,2,0.18239825963974,0.24277272820472717,2,0.9971797466278076
3351,0.05891619250178337,0.038206011056900024,2,2,0.05891619250178337,0.038206011056900024,2,0.9760346412658691
445,0.21598082780838013,0.14608094096183777,2,2,0.21598082780838013,0.14608094096183777,2,0.8227459192276001
534,0.030675994232296944,0.02339848317205906,2,2,0.030675994232296944,0.02339848317205906,2,0.8958934545516968
112,0.013945314101874828,0.010741387493908405,2,2,0.013945314101874828,0.010741387493908405,2,0.9829707145690918
2865,0.038126397877931595,0.04414087161421776,2,2,0.038126397877931595,0.04414087161421776,2,0.8978281021118164
1879,1.328611969947815,2.3779494762420654,5,5,1.328611969947815,2.3779494762420654,5,0.8398994207382202
2497,0.15666532516479492,0.16381850838661194,2,0,0.19245977699756622,0.16381850838661194,0,0.5670005679130554
2646,0.0386614166200161,0.041116680949926376,2,2,0.0386614166200161,0.041116680949926376,2,0.8970017433166504
992,2.11782169342041,2.4014434814453125,5,5,2.11782169342041,2.4014434814453125,5,0.9630535840988159
233,0.5318734645843506,1.2333829402923584,4,4,0.5318734645843506,1.2333829402923584,4,0.8814275860786438
2564,0.0837322548031807,0.1996580809354782,2,2,0.0837322548031807,0.1996580809354782,2,0.7500734329223633
3413,2.9567534923553467,5.191037178039551,5,5,2.9567534923553467,5.191037178039551,5,0.9161173701286316
3166,0.050304215401411057,0.1463688462972641,2,2,0.050304215401411057,0.1463688462972641,2,0.9324448108673096
305,0.015061255544424057,0.01432831771671772,2,2,0.015061255544424057,0.01432831771671772,2,0.9833064675331116
267,0.030728807672858238,0.03355918452143669,2,2,0.030728807672858238,0.03355918452143669,2,0.9970782995223999
294,0.014555409550666809,0.012435889802873135,2,2,0.014555409550666809,0.012435889802873135,2,0.9826430082321167
3159,0.13908211886882782,0.025180548429489136,2,2,0.13908211886882782,0.025180548429489136,2,0.8393637537956238
2224,0.051841143518686295,0.0967559888958931,2,2,0.051841143518686295,0.0967559888958931,2,0.837682843208313
1580,0.1736377328634262,0.3107890486717224,2,2,0.1736377328634262,0.3107890486717224,2,0.9666495323181152
3256,0.04225221276283264,0.06765812635421753,2,2,0.04225221276283264,0.06765812635421753,2,0.8784927725791931
2988,0.10284984111785889,0.05034361407160759,2,2,0.10284984111785889,0.05034361407160759,2,0.9744263291358948
3419,0.31821441650390625,0.2883029878139496,0,0,0.5427780747413635,0.6133667826652527,2,0.7265318036079407
2255,0.019805198535323143,0.019817590713500977,2,2,0.019805198535323143,0.019817590713500977,2,0.9966281056404114
1383,0.1403598189353943,0.1353669911623001,2,0,0.1403598189353943,0.3639696538448334,2,0.8596751689910889
2236,0.07878050953149796,0.1424943059682846,2,2,0.07878050953149796,0.1424943059682846,2,0.8052853941917419
2527,0.14163969457149506,0.20178364217281342,0,2,0.2251603603363037,0.20178364217281342,2,0.600458562374115
1039,0.027022888883948326,0.02556459791958332,2,2,0.027022888883948326,0.02556459791958332,2,0.8911195397377014
3297,0.9172558784484863,1.2506035566329956,1,1,0.9172558784484863,1.2506035566329956,1,0.44501879811286926
3264,0.9472853541374207,0.8115766048431396,2,2,0.9720668792724609,2.005624771118164,0,0.6740531325340271
848,0.03083847649395466,0.06237468495965004,2,2,0.03083847649395466,0.06237468495965004,2,0.9980314373970032
1504,0.10619419813156128,0.08236359059810638,2,2,0.10619419813156128,0.08236359059810638,2,0.981780469417572
2091,0.08214346319437027,0.14556019008159637,2,2,0.08214346319437027,0.14556019008159637,2,0.5837828516960144
3220,0.01732911914587021,0.01494755782186985,2,2,0.01732911914587021,0.01494755782186985,2,0.9870840907096863
1403,0.041860904544591904,0.11562317609786987,2,2,0.041860904544591904,0.11562317609786987,2,0.7899805307388306
2000,0.23691703379154205,0.2923003137111664,2,2,0.31888821721076965,0.29385101795196533,0,0.578109085559845
3029,0.5797366499900818,0.942948579788208,5,5,4.654879093170166,12.487526893615723,3,0.4803292751312256
3008,0.05349985882639885,0.008830536156892776,2,2,0.05349985882639885,0.008830536156892776,2,0.929628849029541
3250,0.05731958523392677,0.1520082801580429,2,2,0.05731958523392677,0.1520082801580429,2,0.9745919108390808
1942,0.06073588505387306,0.1803503781557083,2,2,0.06073588505387306,0.1803503781557083,2,0.8649550080299377
1518,0.16651931405067444,0.2179240733385086,2,2,0.16651931405067444,0.2179240733385086,2,0.9907139539718628
1214,0.0701165571808815,0.08527519553899765,2,2,0.0701165571808815,0.08527519553899765,2,0.9514289498329163
1633,0.06912598758935928,0.10193268209695816,2,2,0.06912598758935928,0.10193268209695816,2,0.6282065510749817
2198,0.16301380097866058,0.30788132548332214,2,2,0.16301380097866058,0.30788132548332214,2,0.7213262319564819
490,0.08896519988775253,0.24981389939785004,2,2,0.08896519988775253,0.24981389939785004,2,0.96494460105896
146,0.051117733120918274,0.08178170025348663,2,2,0.38411641120910645,0.664218544960022,0,0.5322312116622925
2402,0.09006514400243759,0.09400539845228195,2,2,0.09006514400243759,0.09400539845228195,2,0.8191299438476562
1341,0.11642400175333023,0.08233042806386948,2,2,0.11642400175333023,0.08233042806386948,2,0.8670891523361206
1307,0.017033057287335396,0.012326207011938095,2,2,0.017033057287335396,0.012326207011938095,2,0.8767245411872864
2583,0.08256455510854721,0.14901430904865265,2,2,0.08256455510854721,0.14901430904865265,2,0.853080689907074
3274,2.461704730987549,4.261368751525879,5,5,2.461704730987549,4.261368751525879,5,0.7888339757919312
1204,0.0650181993842125,0.046198371797800064,2,2,0.0650181993842125,0.046198371797800064,2,0.9963066577911377
1595,0.08207482844591141,0.2684670090675354,2,2,0.08207482844591141,0.2684670090675354,2,0.9978986978530884
2672,0.07943160086870193,0.04451737552881241,2,2,0.1976006031036377,0.17356663942337036,0,0.47386908531188965
481,0.03129472956061363,0.10159729421138763,2,2,0.03129472956061363,0.10159729421138763,2,0.9709725975990295
1350,0.04362482950091362,0.025647655129432678,2,2,0.04362482950091362,0.025647655129432678,2,0.6063405275344849
424,0.07250446826219559,0.3003145754337311,2,2,0.07250446826219559,0.3003145754337311,2,0.7009585499763489
1624,0.12344998121261597,0.0612528920173645,2,2,0.12344998121261597,0.0612528920173645,2,0.8344610929489136
2058,0.049549829214811325,0.06201464310288429,2,2,0.25424936413764954,0.4065522849559784,0,0.5481433868408203
1353,0.2816168963909149,0.38442516326904297,2,2,0.2816168963909149,0.38442516326904297,2,0.9665471911430359
2718,0.04237641766667366,0.11042111366987228,2,2,0.04237641766667366,0.11042111366987228,2,0.9966070652008057
2442,0.15737289190292358,0.26588204503059387,2,2,0.15737289190292358,0.26588204503059387,2,0.5250838398933411
3210,0.22741298377513885,0.269904762506485,2,2,0.22741298377513885,0.269904762506485,2,0.9572700262069702
2441,0.15095658600330353,0.09071962535381317,0,0,0.3741514980792999,0.37204593420028687,2,0.5923900604248047
2581,0.04759346321225166,0.08455073833465576,2,2,0.04759346321225166,0.08455073833465576,2,0.8234497904777527
3428,0.15607374906539917,0.4092613458633423,2,2,0.15607374906539917,0.4092613458633423,2,0.6237173676490784
2929,0.42422208189964294,1.1759908199310303,2,2,1.1756755113601685,3.276276111602783,0,0.33884385228157043
2333,0.06585603207349777,0.10461491346359253,2,2,0.06585603207349777,0.10461491346359253,2,0.9981886744499207
1893,2.499239206314087,1.7844593524932861,5,5,2.499239206314087,1.7844593524932861,5,0.9914229512214661
2486,0.02836269699037075,0.016251610592007637,2,2,0.02836269699037075,0.016251610592007637,2,0.696729838848114
2034,0.06765706092119217,0.06566911935806274,2,2,0.06765706092119217,0.06566911935806274,2,0.7335422039031982
859,0.06509959697723389,0.14243315160274506,2,2,0.06509959697723389,0.14243315160274506,2,0.9963406920433044
3346,0.057090237736701965,0.1334802657365799,2,2,0.057090237736701965,0.1334802657365799,2,0.9731088280677795
3441,0.06562668830156326,0.17589162290096283,2,2,0.06562668830156326,0.17589162290096283,2,0.6340299844741821
1096,0.053520068526268005,0.03548227250576019,2,2,0.053520068526268005,0.03548227250576019,2,0.8798238039016724
2371,0.18911461532115936,0.25923386216163635,2,0,0.25217339396476746,0.25923386216163635,0,0.6697648167610168
0,0.08984458446502686,0.17086705565452576,0,0,0.18121640384197235,0.30132365226745605,2,0.863535463809967
582,0.10176480561494827,0.1459251493215561,2,2,0.10176480561494827,0.1459251493215561,2,0.9930619597434998
2826,0.6766803860664368,2.0593481063842773,4,4,0.6766803860664368,2.0593481063842773,4,0.4827325642108917
667,0.44607165455818176,0.5877688527107239,3,3,0.44607165455818176,0.5877688527107239,3,0.8596609234809875
1240,0.050951022654771805,0.07126998156309128,2,2,0.050951022654771805,0.07126998156309128,2,0.8989121913909912
2378,0.10010076314210892,0.18562574684619904,2,2,0.10010076314210892,0.18562574684619904,2,0.6696966886520386
624,0.03380225971341133,0.054196204990148544,2,2,0.03380225971341133,0.054196204990148544,2,0.8656320571899414
1500,0.038820531219244,0.031317271292209625,2,2,0.038820531219244,0.031317271292209625,2,0.8781739473342896
3123,2.869783401489258,7.322148323059082,5,5,2.869783401489258,7.322148323059082,5,0.8387202024459839
1507,0.08068479597568512,0.06510414183139801,0,0,0.08068479597568512,0.06510414183139801,0,0.5672997236251831
141,0.07760689407587051,0.10191599279642105,2,2,0.07760689407587051,0.10191599279642105,2,0.5787650942802429
990,0.02623736672103405,0.08406220376491547,2,2,0.02623736672103405,0.08406220376491547,2,0.8541382551193237
2033,0.07564791291952133,0.07362345606088638,2,2,0.07564791291952133,0.07362345606088638,2,0.7893250584602356
1679,0.12796010076999664,0.13771922886371613,2,2,0.12796010076999664,0.13771922886371613,2,0.4463125169277191
1770,3.548992395401001,6.499279499053955,5,5,3.548992395401001,6.499279499053955,5,0.6643173694610596
968,0.07496888935565948,0.2144349217414856,2,2,0.07496888935565948,0.2144349217414856,2,0.6739871501922607
3036,0.6671457290649414,1.5206599235534668,3,3,0.6671457290649414,1.5206599235534668,3,0.8819577693939209
2012,0.2595817744731903,0.46724358201026917,2,2,0.2595817744731903,0.46724358201026917,2,0.8465836644172668
2457,0.09819258004426956,0.06348995864391327,2,2,0.09819258004426956,0.06348995864391327,2,0.7702772617340088
3407,1.809991478919983,4.390769958496094,5,5,1.809991478919983,4.390769958496094,5,0.8269042372703552
2572,0.08533245325088501,0.12464135140180588,2,2,0.08533245325088501,0.12464135140180588,2,0.8016096949577332
131,0.018362872302532196,0.01674496755003929,2,2,0.018362872302532196,0.01674496755003929,2,0.9795401096343994
1160,0.04475655034184456,0.04007432237267494,2,2,0.04475655034184456,0.04007432237267494,2,0.8530268669128418
444,0.0365779846906662,0.031979236751794815,2,2,0.0365779846906662,0.031979236751794815,2,0.6523540616035461
612,1.3904600143432617,1.3588448762893677,0,0,1.3904600143432617,1.3588448762893677,0,0.5063128471374512
2090,0.07284843921661377,0.1247558519244194,0,0,0.07284843921661377,0.1247558519244194,0,0.7614827156066895
1265,0.04094946011900902,0.022107474505901337,2,2,0.04094946011900902,0.022107474505901337,2,0.9257345199584961
2595,0.08075257390737534,0.10301285982131958,2,2,0.08075257390737534,0.10301285982131958,2,0.6855565309524536
2021,0.09639395028352737,0.14656081795692444,0,0,0.24645483493804932,0.38588231801986694,2,0.5041367411613464
1475,0.07641760259866714,0.10022635012865067,2,2,0.07641760259866714,0.10022635012865067,2,0.8531822562217712
82,0.06459517776966095,0.08071090281009674,2,2,0.06459517776966095,0.08071090281009674,2,0.9913554787635803
905,0.04192445054650307,0.05981101095676422,2,2,0.04192445054650307,0.05981101095676422,2,0.9974890947341919
1441,0.09162208437919617,0.1152324452996254,2,2,0.09162208437919617,0.1152324452996254,2,0.8604949116706848
440,0.09719152003526688,0.13312213122844696,2,2,0.09719152003526688,0.13312213122844696,2,0.6877898573875427
1434,0.07093117386102676,0.0964856892824173,2,2,0.07093117386102676,0.0964856892824173,2,0.8626026511192322
2532,0.07549788057804108,0.12108393013477325,2,2,0.07549788057804108,0.12108393013477325,2,0.8229724764823914
2673,0.4826178550720215,0.5967300534248352,2,0,0.4826178550720215,0.6390095353126526,2,0.9034873247146606
1099,0.04949936643242836,0.063817597925663,2,2,0.04949936643242836,0.063817597925663,2,0.882900595664978
962,0.06112147495150566,0.06096947193145752,2,2,0.06112147495150566,0.06096947193145752,2,0.9887794256210327
703,1.342271327972412,1.2283905744552612,5,5,7.761188507080078,16.57204818725586,2,0.8415986895561218
762,0.020530840381979942,0.03942979499697685,2,2,0.020530840381979942,0.03942979499697685,2,0.8870606422424316
770,0.0203265193849802,0.03930767998099327,2,2,0.0203265193849802,0.03930767998099327,2,0.8869646191596985
3311,1.8690290451049805,4.681585311889648,5,5,1.8690290451049805,4.681585311889648,5,0.8172120451927185
594,0.06784593313932419,0.07354342192411423,2,2,0.06784593313932419,0.07354342192411423,2,0.9882833957672119
943,0.5765135884284973,0.9289193749427795,5,5,0.5765135884284973,0.9289193749427795,5,0.5621605515480042
2114,0.09199441224336624,0.12756028771400452,0,0,0.09199441224336624,0.12756028771400452,0,0.904898464679718
3458,0.40276384353637695,0.258371502161026,2,2,0.40276384353637695,0.258371502161026,2,0.46374577283859253
1883,5.323904514312744,9.640548706054688,3,3,15.091972351074219,30.039203643798828,2,0.3677264153957367
26,0.12785932421684265,0.1515359878540039,0,0,0.27465906739234924,0.25426018238067627,2,0.6709145903587341
2760,0.06797589361667633,0.1102243959903717,2,2,0.06797589361667633,0.1102243959903717,2,0.6892215013504028
2681,0.12149357795715332,0.07825592160224915,2,2,0.12149357795715332,0.07825592160224915,2,0.6915673613548279
2246,0.01935519278049469,0.004095028154551983,2,2,0.01935519278049469,0.004095028154551983,2,0.9966250658035278
2725,0.04658730328083038,0.1320524960756302,2,2,0.04658730328083038,0.1320524960756302,2,0.9966051578521729
387,2.5142459869384766,5.56854772567749,1,1,10.147278785705566,22.842079162597656,5,0.5143327713012695
128,0.015099150128662586,0.01392179075628519,2,2,0.015099150128662586,0.01392179075628519,2,0.9829075932502747
1208,0.06697506457567215,0.04753958806395531,2,2,0.06697506457567215,0.04753958806395531,2,0.9971598386764526
1739,0.03605932369828224,0.043926212936639786,2,2,0.03605932369828224,0.043926212936639786,2,0.9966417551040649
1971,1.7059565782546997,2.4599082469940186,5,5,1.7059565782546997,2.4599082469940186,5,0.9921407103538513
2498,0.3083714246749878,0.19916751980781555,0,2,0.3083714246749878,0.2159712314605713,0,0.5327322483062744
2979,0.08919307589530945,0.08735442161560059,2,2,0.08919307589530945,0.08735442161560059,2,0.9735692143440247
588,0.07320307940244675,0.14554211497306824,2,2,0.07320307940244675,0.14554211497306824,2,0.9857593774795532
3406,2.7837889194488525,5.138622283935547,5,5,2.7837889194488525,5.138622283935547,5,0.845510721206665
1336,0.13535398244857788,0.11337528377771378,2,0,0.13535398244857788,0.22729180753231049,2,0.861106812953949
2116,0.1076444685459137,0.10842933505773544,2,0,0.1076444685459137,0.2245590090751648,2,0.7446588277816772
1799,0.03842796012759209,0.0712389424443245,2,2,0.03842796012759209,0.0712389424443245,2,0.9972919821739197
835,0.03083847649395466,0.06237468495965004,2,2,0.03083847649395466,0.06237468495965004,2,0.9980314373970032
237,0.6843021512031555,1.4738264083862305,3,3,0.6843021512031555,1.4738264083862305,3,0.6279867887496948
593,0.11416744440793991,0.0838811993598938,2,2,0.17335836589336395,0.2948617935180664,0,0.6007432341575623
2990,0.14894233644008636,0.060081079602241516,2,2,0.14894233644008636,0.060081079602241516,2,0.9740719199180603
3271,0.8797360062599182,0.9883328676223755,5,5,0.8797360062599182,0.9883328676223755,5,0.7958946824073792
1850,1.188157558441162,1.9237632751464844,5,5,1.188157558441162,1.9237632751464844,5,0.9910876154899597
2831,0.04935571178793907,0.022314826026558876,0,0,0.29091963171958923,0.3926793932914734,2,0.6739801168441772
881,0.017343290150165558,0.024306219071149826,2,2,0.017343290150165558,0.024306219071149826,2,0.9888977408409119
244,2.6548516750335693,6.048199653625488,5,1,2.6548516750335693,7.488072395324707,5,0.541449248790741
3255,0.04778320714831352,0.08101322501897812,2,2,0.04778320714831352,0.08101322501897812,2,0.8686109185218811
3410,2.08262300491333,3.8997809886932373,5,5,2.08262300491333,3.8997809886932373,5,0.8793063163757324
2938,0.7768492698669434,0.7753980159759521,2,2,13.98425579071045,26.131031036376953,5,0.41078895330429077
68,0.08231725543737411,0.17977066338062286,2,2,0.08231725543737411,0.17977066338062286,2,0.9966701865196228
1278,0.07671813666820526,0.08262801915407181,2,2,0.07671813666820526,0.08262801915407181,2,0.8724167346954346
901,2.528249979019165,6.037012100219727,1,1,4.437496662139893,10.400897026062012,3,0.5156130790710449
1154,0.054188501089811325,0.047032494097948074,2,2,0.054188501089811325,0.047032494097948074,2,0.7768766283988953
3010,0.05460289120674133,0.06228693947196007,2,2,0.05460289120674133,0.06228693947196007,2,0.9656777381896973
2423,0.15180666744709015,0.14550569653511047,2,2,0.21436171233654022,0.2866274118423462,0,0.88543701171875
376,0.06826889514923096,0.0896555706858635,2,2,0.06826889514923096,0.0896555706858635,2,0.8811853528022766
2761,0.13972251117229462,0.1616954207420349,2,2,0.13972251117229462,0.1616954207420349,2,0.6746200323104858
2706,0.057885754853487015,0.14873667061328888,2,2,0.057885754853487015,0.14873667061328888,2,0.9976020455360413
2675,0.4644072353839874,0.3567362129688263,0,2,0.4905693531036377,0.3567362129688263,2,0.8659940361976624
1347,0.04560543969273567,0.08867441862821579,2,2,0.04560543969273567,0.08867441862821579,2,0.9720467329025269
2475,0.09071457386016846,0.1427786946296692,2,2,0.09071457386016846,0.1427786946296692,2,0.7081140875816345
2770,0.09724552184343338,0.07247860729694366,2,2,0.09724552184343338,0.07247860729694366,2,0.6675826907157898
1339,0.15134325623512268,0.11600209027528763,2,2,0.15134325623512268,0.11600209027528763,2,0.8639505505561829
2970,2.004371404647827,3.9117367267608643,5,5,2.004371404647827,3.9117367267608643,5,0.9771425724029541
1808,0.033635880798101425,0.04210340231657028,2,2,0.033635880798101425,0.04210340231657028,2,0.9969894289970398
909,0.04184442758560181,0.0598004087805748,2,2,0.04184442758560181,0.0598004087805748,2,0.9974877834320068
1237,0.2167331725358963,0.2682463228702545,0,2,0.228093683719635,0.2682463228702545,2,0.8232094645500183
108,0.21773572266101837,0.35821884870529175,2,2,0.21773572266101837,0.35821884870529175,2,0.8626471757888794
358,1.9328140020370483,4.3530097007751465,3,3,13.067143440246582,31.001861572265625,2,0.8707258701324463
1321,0.020952658727765083,0.030873877927660942,2,2,0.020952658727765083,0.030873877927660942,2,0.8755770921707153
1838,1.3549960851669312,2.826575994491577,5,5,1.3549960851669312,2.826575994491577,5,0.9922175407409668
801,0.054241884499788284,0.060922347009181976,2,2,0.054241884499788284,0.060922347009181976,2,0.9868102073669434
1202,0.06167224422097206,0.11764157563447952,2,2,0.06167224422097206,0.11764157563447952,2,0.9962833523750305
3054,0.31883588433265686,0.5609230399131775,2,2,0.31883588433265686,0.5609230399131775,2,0.7492412328720093
2631,0.13557474315166473,0.10688135772943497,2,2,0.13557474315166473,0.10688135772943497,2,0.608741819858551
751,1.3087726831436157,3.6092300415039062,3,3,1.3087726831436157,3.6092300415039062,3,0.9464902877807617
323,0.07756141573190689,0.1644255369901657,2,2,0.07756141573190689,0.1644255369901657,2,0.9659799933433533
3022,0.6405521035194397,1.7301552295684814,5,5,7.603230953216553,13.373916625976562,0,0.2648119330406189
777,0.01957300677895546,0.023366248235106468,2,2,0.01957300677895546,0.023366248235106468,2,0.906125009059906
961,0.060762494802474976,0.06044308841228485,2,2,0.060762494802474976,0.06044308841228485,2,0.9886321425437927
370,0.09129578620195389,0.2291995733976364,2,2,0.09129578620195389,0.2291995733976364,2,0.8620486259460449
2594,0.07108516246080399,0.137387216091156,2,2,0.07108516246080399,0.137387216091156,2,0.857992947101593
242,0.5433334708213806,1.110625982284546,5,5,4.070306301116943,9.431015968322754,3,0.8246610164642334
2766,0.047463804483413696,0.09795370697975159,2,2,0.047463804483413696,0.09795370697975159,2,0.621782660484314
3270,0.8921861052513123,1.1402995586395264,5,5,0.8921861052513123,1.1402995586395264,5,0.8231011033058167
2210,0.16416315734386444,0.2578999698162079,2,2,0.16416315734386444,0.2578999698162079,2,0.7350348234176636
1884,7.716867923736572,18.72018051147461,3,3,7.716867923736572,18.72018051147461,3,0.5107494592666626
1875,0.49001404643058777,0.6662184000015259,5,5,0.49001404643058777,0.6662184000015259,5,0.8485965132713318
3328,0.9718070030212402,1.850527286529541,0,0,1.028016448020935,2.7317163944244385,1,0.432451993227005
2067,0.03488345816731453,0.037379249930381775,2,2,0.03488345816731453,0.037379249930381775,2,0.901984691619873
2171,0.025308622047305107,0.020034149289131165,2,2,0.025308622047305107,0.020034149289131165,2,0.7327061891555786
1587,0.09921431541442871,0.10501661896705627,2,2,0.09921431541442871,0.10501661896705627,2,0.9607112407684326
1088,0.14565761387348175,0.15103115141391754,2,2,0.14565761387348175,0.15103115141391754,2,0.832521915435791
3244,0.014267876744270325,0.0044983248226344585,2,2,0.014267876744270325,0.0044983248226344585,2,0.986901581287384
186,0.1784021407365799,0.10037841647863388,0,0,0.2773303985595703,0.36507806181907654,2,0.8963743448257446
1380,0.13074323534965515,0.04872298985719681,2,2,0.13074323534965515,0.04872298985719681,2,0.8684136867523193
2462,0.046290323138237,0.04472070559859276,2,2,0.046290323138237,0.04472070559859276,2,0.7399616241455078
1543,0.04813241586089134,0.06982555240392685,2,2,0.04813241586089134,0.06982555240392685,2,0.8703429102897644
1424,0.09495863318443298,0.16662801802158356,0,0,0.15486837923526764,0.2059679478406906,2,0.4513918161392212
2152,0.12730687856674194,0.28652796149253845,2,2,0.12730687856674194,0.28652796149253845,2,0.7354488372802734
2811,1.5311006307601929,1.7779278755187988,4,3,1.5311006307601929,4.356444358825684,4,0.35230034589767456
2965,0.9245426058769226,1.5224363803863525,5,5,0.9245426058769226,1.5224363803863525,5,0.9604690670967102
309,0.015061255544424057,0.01432831771671772,2,2,0.015061255544424057,0.01432831771671772,2,0.9833064675331116
301,0.018008433282375336,0.016279345378279686,2,2,0.018008433282375336,0.016279345378279686,2,0.9794788956642151
1703,0.034027524292469025,0.04229448735713959,2,2,0.034027524292469025,0.04229448735713959,2,0.9971466660499573
1669,0.8946044445037842,1.1243454217910767,3,3,0.8946044445037842,1.1243454217910767,3,0.6313377618789673
793,0.033958353102207184,0.04307740554213524,2,2,0.033958353102207184,0.04307740554213524,2,0.9980745315551758
1103,0.0469881147146225,0.06909304112195969,2,2,0.0469881147146225,0.06909304112195969,2,0.8758144974708557
1907,3.066052198410034,1.8710694313049316,5,5,3.066052198410034,1.8710694313049316,5,0.9768272042274475
3451,0.30269360542297363,0.2822016179561615,0,0,0.601398766040802,0.7573191523551941,2,0.49107179045677185
3324,1.4005351066589355,1.4934287071228027,4,4,1.4005351066589355,1.4934287071228027,4,0.6221532225608826
21,0.19791394472122192,0.13294407725334167,2,2,0.19791394472122192,0.13294407725334167,2,0.6781015396118164
259,0.02501709759235382,0.031624969094991684,2,2,0.02501709759235382,0.031624969094991684,2,0.9944012761116028
3408,0.8808956146240234,2.0803215503692627,5,5,0.8808956146240234,2.0803215503692627,5,0.9003615379333496
18,0.15643320977687836,0.302996426820755,2,2,0.15643320977687836,0.302996426820755,2,0.9909781217575073
2213,0.17246001958847046,0.19296246767044067,2,2,0.17246001958847046,0.19296246767044067,2,0.7121032476425171
2503,0.11926954984664917,0.16687536239624023,2,2,0.11926954984664917,0.16687536239624023,2,0.9348469376564026
1007,3.1783437728881836,4.636997699737549,1,1,16.203344345092773,38.479400634765625,5,0.7264182567596436
465,0.1189914345741272,0.2819357216358185,2,2,0.1189914345741272,0.2819357216358185,2,0.5564650297164917
81,0.10010997205972672,0.14175283908843994,2,2,0.10010997205972672,0.14175283908843994,2,0.9964961409568787
3262,0.4008026421070099,0.8117695450782776,2,2,0.4008026421070099,0.8117695450782776,2,0.7737281918525696
2525,0.12877215445041656,0.18540869653224945,0,0,0.28607043623924255,0.2825029492378235,2,0.599428653717041
270,0.030728807672858238,0.03355918452143669,2,2,0.030728807672858238,0.03355918452143669,2,0.9970782995223999
1989,0.1561470478773117,0.1842537373304367,2,2,0.1561470478773117,0.1842537373304367,2,0.5740459561347961
767,0.027677463367581367,0.08429383486509323,2,2,0.027677463367581367,0.08429383486509323,2,0.8325563669204712
2720,0.09826403856277466,0.20949140191078186,2,2,0.09826403856277466,0.20949140191078186,2,0.997628390789032
2935,0.24321073293685913,0.3634342551231384,2,2,0.24321073293685913,0.3634342551231384,2,0.7181131839752197
2173,0.03694899007678032,0.042857248336076736,2,2,0.03694899007678032,0.042857248336076736,2,0.9094003438949585
2614,0.09198185056447983,0.14829735457897186,0,0,0.2540953457355499,0.3375757336616516,2,0.7077983617782593
993,5.985078811645508,11.081330299377441,5,5,5.985078811645508,11.081330299377441,5,0.7420675158500671
1293,3.918952703475952,8.277682304382324,5,5,9.185280799865723,20.822322845458984,3,0.40168124437332153
3251,0.016235070303082466,0.010608283802866936,2,2,0.016235070303082466,0.010608283802866936,2,0.9859821796417236
827,0.5559370517730713,1.026906967163086,3,3,5.842844009399414,13.521934509277344,5,0.7401371598243713
2958,3.6080148220062256,5.181044101715088,5,5,3.6080148220062256,5.181044101715088,5,0.9913085103034973
3412,1.5924301147460938,3.5968170166015625,5,5,1.5924301147460938,3.5968170166015625,5,0.8092920184135437
214,0.25631576776504517,0.49286165833473206,2,2,0.25631576776504517,0.49286165833473206,2,0.5343286395072937
1414,0.058039143681526184,0.09102501720190048,2,2,0.058039143681526184,0.09102501720190048,2,0.8716537952423096
1835,0.8867623209953308,1.1999821662902832,0,0,12.120160102844238,23.240646362304688,4,0.37942034006118774
938,0.6241342425346375,1.592534065246582,5,5,0.6241342425346375,1.592534065246582,5,0.8375931978225708
1323,0.21598809957504272,0.13730698823928833,0,2,0.21598809957504272,0.305767297744751,0,0.5955520272254944
1972,1.3314294815063477,3.109846353530884,5,5,1.3314294815063477,3.109846353530884,5,0.9918960928916931
1666,0.30545493960380554,0.46335354447364807,0,0,0.30545493960380554,0.46335354447364807,0,0.6239867806434631
3070,0.09890714287757874,0.22651618719100952,2,2,0.09890714287757874,0.22651618719100952,2,0.6895928382873535
1645,0.12387575954198837,0.11366221308708191,2,2,0.12387575954198837,0.11366221308708191,2,0.5421367287635803
2869,0.03960657864809036,0.046237919479608536,2,2,0.03960657864809036,0.046237919479608536,2,0.8896138072013855
59,0.09147355705499649,0.14162205159664154,2,2,0.09147355705499649,0.14162205159664154,2,0.9735272526741028
1918,1.250959873199463,1.6196058988571167,5,5,1.250959873199463,1.6196058988571167,5,0.9244332909584045
1968,1.0393201112747192,2.208982467651367,5,5,1.0393201112747192,2.208982467651367,5,0.9918959736824036
894,3.1173715591430664,3.241971492767334,3,3,7.866432189941406,22.310020446777344,5,0.8124760985374451
2686,0.08263567835092545,0.16090255975723267,0,0,0.08263567835092545,0.16090255975723267,0,0.5787162780761719
402,0.6783929467201233,1.2478885650634766,2,2,1.355112075805664,3.0815317630767822,0,0.24494946002960205
398,0.49688100814819336,0.7962250709533691,2,2,1.1299370527267456,2.9248790740966797,0,0.35031136870384216
1705,0.034027524292469025,0.04229448735713959,2,2,0.034027524292469025,0.04229448735713959,2,0.9971466660499573
143,0.26399293541908264,0.4586217999458313,0,0,0.5438365340232849,1.1276507377624512,2,0.6089577674865723
692,0.19351129233837128,0.49414700269699097,2,2,0.9006639122962952,3.0604279041290283,0,0.4115333557128906
3077,0.3527088165283203,0.5870406031608582,2,2,0.3527088165283203,0.5870406031608582,2,0.44236278533935547
1984,0.13710112869739532,0.1224246397614479,2,2,0.4188644587993622,0.45598864555358887,0,0.49949589371681213
957,0.06128372251987457,0.061086323112249374,2,2,0.06128372251987457,0.061086323112249374,2,0.9890179634094238
2212,0.179884135723114,0.4628460109233856,2,2,0.179884135723114,0.4628460109233856,2,0.7209643125534058
2466,0.06920209527015686,0.07779648154973984,2,2,0.06920209527015686,0.07779648154973984,2,0.7125446200370789
817,1.3406572341918945,6.141031742095947,3,3,4.746334552764893,6.933588027954102,5,0.7290710210800171
1148,0.14500369131565094,0.1667972058057785,0,0,0.1663220375776291,0.18310879170894623,2,0.8923517465591431
3209,0.09214632958173752,0.15589745342731476,2,2,0.09214632958173752,0.15589745342731476,2,0.9803643226623535
1527,0.12404460459947586,0.16338317096233368,2,0,0.12404460459947586,0.16464634239673615,2,0.8667728900909424
958,0.06062110885977745,0.06042908504605293,2,2,0.06062110885977745,0.06042908504605293,2,0.988334059715271
1581,0.14768409729003906,0.2593884766101837,2,2,0.14768409729003906,0.2593884766101837,2,0.9781387448310852
2103,0.11951827257871628,0.21506403386592865,2,2,0.11951827257871628,0.21506403386592865,2,0.6514310836791992
2251,0.07482241839170456,0.085439033806324,2,2,0.07482241839170456,0.085439033806324,2,0.9970338344573975
2115,0.15155570209026337,0.1761498749256134,0,0,0.15155570209026337,0.1761498749256134,0,0.919732928276062
2415,0.1285000592470169,0.153898686170578,2,2,0.1285000592470169,0.153898686170578,2,0.8305413722991943
2886,4.333087921142578,12.699169158935547,3,3,15.00789737701416,27.890331268310547,5,0.989409327507019
1730,0.09449846297502518,0.1975654512643814,2,2,0.09449846297502518,0.1975654512643814,2,0.7419420480728149
1554,0.16997464001178741,0.05755329132080078,2,2,0.177287295460701,0.4978879988193512,0,0.5035097599029541
1484,0.18723458051681519,0.31980976462364197,0,2,0.21048866212368011,0.31980976462364197,2,0.8909608125686646
1976,4.632751941680908,9.93525505065918,5,5,4.632751941680908,9.93525505065918,5,0.9883461594581604
69,0.08738607168197632,0.014010898768901825,2,2,0.08738607168197632,0.014010898768901825,2,0.9965908527374268
2304,0.03412344679236412,0.03685159981250763,2,2,0.03412344679236412,0.03685159981250763,2,0.9077728390693665
3389,3.8102848529815674,9.862672805786133,3,3,3.8102848529815674,9.862672805786133,3,0.6897575855255127
1651,0.04949706792831421,0.08508327603340149,2,2,0.04949706792831421,0.08508327603340149,2,0.859290361404419
1969,0.6319078803062439,2.1594040393829346,5,5,0.6319078803062439,2.1594040393829346,5,0.991628885269165
1168,0.03049696981906891,0.0878477543592453,2,2,0.03049696981906891,0.0878477543592453,2,0.7984252572059631
1147,0.08732222765684128,0.14306238293647766,2,2,0.08732222765684128,0.14306238293647766,2,0.8751102089881897
3492,0.3795776069164276,0.8326784372329712,3,3,0.3795776069164276,0.8326784372329712,3,0.7594896554946899
1324,0.23091895878314972,0.24436591565608978,0,0,0.23091895878314972,0.24436591565608978,0,0.6013928651809692
696,0.19351129233837128,0.49414700269699097,2,2,0.9006639122962952,3.0604279041290283,0,0.4115333557128906
2358,0.20574693381786346,0.26971858739852905,2,0,0.235215961933136,0.26971858739852905,0,0.6675557494163513
54,0.03335031494498253,0.06310468912124634,2,2,0.03335031494498253,0.06310468912124634,2,0.9774125218391418
2038,0.06143812835216522,0.08813513070344925,2,2,0.06143812835216522,0.08813513070344925,2,0.7238549590110779
1452,0.03763728588819504,0.053635597229003906,2,2,0.03763728588819504,0.053635597229003906,2,0.8669676184654236
604,0.09828603267669678,0.10443832725286484,2,0,0.09828603267669678,0.42306414246559143,2,0.8658463954925537
17,0.2113855630159378,0.34503278136253357,2,2,0.2113855630159378,0.34503278136253357,2,0.9560267329216003
1015,5.226682186126709,9.86329460144043,3,3,5.226682186126709,9.86329460144043,3,0.7579577565193176
2331,0.12021687626838684,0.16679877042770386,0,0,0.3819521367549896,0.5582067370414734,2,0.7057446837425232
738,6.97735071182251,19.48687744140625,3,3,14.376758575439453,35.235313415527344,5,0.9158051013946533
1859,0.5426232218742371,0.5928946137428284,5,5,0.5426232218742371,0.5928946137428284,5,0.9912863373756409
2653,0.04096630960702896,0.035750795155763626,2,2,0.04096630960702896,0.035750795155763626,2,0.8217263221740723
775,0.01961076445877552,0.023954521864652634,2,2,0.01961076445877552,0.023954521864652634,2,0.9060456156730652
2174,0.03174982964992523,0.03324313089251518,2,2,0.03174982964992523,0.03324313089251518,2,0.9318890571594238
46,0.04251241683959961,0.07186423987150192,2,2,0.04251241683959961,0.07186423987150192,2,0.9807699918746948
247,0.4698808491230011,0.5602412223815918,3,3,0.4698808491230011,0.5602412223815918,3,0.7010864615440369
3279,1.0547987222671509,1.4102665185928345,5,5,1.0547987222671509,1.4102665185928345,5,0.6914888620376587
967,0.02623736672103405,0.08406220376491547,2,2,0.02623736672103405,0.08406220376491547,2,0.8541382551193237
761,0.019290002062916756,0.024398323148489,2,2,0.019290002062916756,0.024398323148489,2,0.9057867527008057
3065,0.05531134828925133,0.06572364270687103,2,2,0.05531134828925133,0.06572364270687103,2,0.9265260100364685
892,0.017342012375593185,0.024301882833242416,2,2,0.017342012375593185,0.024301882833242416,2,0.9888938069343567
2481,0.07551711052656174,0.1134062185883522,2,2,0.07551711052656174,0.1134062185883522,2,0.6997585296630859
472,0.02709030546247959,0.007608767598867416,2,2,0.02709030546247959,0.007608767598867416,2,0.8695943355560303
2184,0.04247145727276802,0.019787348806858063,2,2,0.04247145727276802,0.019787348806858063,2,0.7266255617141724
455,0.08911476284265518,0.04940563440322876,2,2,0.08911476284265518,0.04940563440322876,2,0.824333906173706
3093,0.30735212564468384,0.500684916973114,0,0,0.30735212564468384,0.500684916973114,0,0.5612503886222839
2159,0.16265903413295746,0.268926739692688,2,2,0.16265903413295746,0.268926739692688,2,0.7947511672973633
1198,0.13954873383045197,0.22454194724559784,2,0,0.27957579493522644,0.22454194724559784,0,0.5736132264137268
335,0.03497418016195297,0.048694293946027756,2,2,0.03497418016195297,0.048694293946027756,2,0.7501492500305176
824,2.846691846847534,7.9939494132995605,5,3,2.846691846847534,8.942462921142578,5,0.816588819026947
2994,0.15245379507541656,0.034555625170469284,2,2,0.15245379507541656,0.034555625170469284,2,0.9704683423042297
1397,0.06651344150304794,0.08750610053539276,2,2,0.06651344150304794,0.08750610053539276,2,0.9155502319335938
2854,0.03126784786581993,0.02843717485666275,2,2,0.03126784786581993,0.02843717485666275,2,0.8901764750480652
1495,0.0939120277762413,0.1638815551996231,2,2,0.0939120277762413,0.1638815551996231,2,0.8488545417785645
1734,0.3277764916419983,0.7151562571525574,5,5,4.015726566314697,6.625178813934326,3,0.7633799314498901
2432,0.07629090547561646,0.10353982448577881,2,2,0.287599116563797,0.29913315176963806,0,0.8733502626419067
1582,0.16152682900428772,0.18195006251335144,2,2,0.16152682900428772,0.18195006251335144,2,0.9775345325469971
1821,0.038439128547906876,0.050233401358127594,2,2,0.038439128547906876,0.050233401358127594,2,0.9966629147529602
1790,0.1120716854929924,0.1429634988307953,2,2,0.1120716854929924,0.1429634988307953,2,0.9969685673713684
1450,0.050109025090932846,0.062483999878168106,2,2,0.050109025090932846,0.062483999878168106,2,0.8666709065437317
1864,1.164969801902771,1.6094183921813965,5,5,1.164969801902771,1.6094183921813965,5,0.7821096777915955
1454,0.03608504310250282,0.057264383882284164,2,2,0.03608504310250282,0.057264383882284164,2,0.8673028945922852
1123,0.04005375877022743,0.13872745633125305,2,2,0.04005375877022743,0.13872745633125305,2,0.9977123737335205
1967,1.648988127708435,3.809387445449829,5,5,1.648988127708435,3.809387445449829,5,0.992067813873291
3056,0.3542187511920929,0.43167436122894287,2,2,0.3542187511920929,0.43167436122894287,2,0.8987454771995544
882,0.018635686486959457,0.026856163516640663,2,2,0.018635686486959457,0.026856163516640663,2,0.9912596344947815
636,0.06002415716648102,0.09217818081378937,2,2,0.06002415716648102,0.09217818081378937,2,0.8720759749412537
3252,0.036995407193899155,0.10260045528411865,2,2,0.036995407193899155,0.10260045528411865,2,0.9794301986694336
1576,0.0635155662894249,0.12017564475536346,2,2,0.0635155662894249,0.12017564475536346,2,0.9516540765762329
963,0.059923138469457626,0.05900806188583374,2,2,0.059923138469457626,0.05900806188583374,2,0.9885548949241638
1418,0.1035626009106636,0.11742841452360153,2,0,0.1035626009106636,0.23932692408561707,2,0.845867395401001
1644,0.04836330935359001,0.05590694770216942,2,2,0.04836330935359001,0.05590694770216942,2,0.9686573147773743
516,0.1249203160405159,0.20192869007587433,2,2,0.1249203160405159,0.20192869007587433,2,0.9635987281799316
311,0.015061255544424057,0.01432831771671772,2,2,0.015061255544424057,0.01432831771671772,2,0.9833064675331116
2576,0.10123953223228455,0.11596415191888809,2,2,0.10123953223228455,0.11596415191888809,2,0.8103406429290771
1338,0.10235095024108887,0.07363706827163696,0,0,0.3067379295825958,0.405661404132843,2,0.8457542061805725
1757,0.1057526096701622,0.12537571787834167,2,2,0.1057526096701622,0.12537571787834167,2,0.9917970895767212
2782,0.15637487173080444,0.2667256295681,2,2,0.15637487173080444,0.2667256295681,2,0.679620087146759
1750,0.07044219225645065,0.06608010083436966,2,2,0.07044219225645065,0.06608010083436966,2,0.9919388890266418
2324,0.23984813690185547,0.2729656994342804,2,2,0.23984813690185547,0.2729656994342804,2,0.6122778654098511
569,0.490226149559021,1.0141421556472778,5,5,4.548198699951172,7.841240882873535,3,0.5256422162055969
1417,0.02562037669122219,0.0142499515786767,2,2,0.02562037669122219,0.0142499515786767,2,0.8779594302177429
2908,4.078490734100342,7.765103340148926,5,5,4.078490734100342,7.765103340148926,5,0.9849485754966736
2627,0.10231741517782211,0.08629480749368668,2,2,0.10231741517782211,0.08629480749368668,2,0.6747105121612549
1519,0.13428770005702972,0.10196655988693237,2,2,0.13428770005702972,0.10196655988693237,2,0.9573969841003418
1326,0.20193511247634888,0.15347003936767578,0,0,0.20193511247634888,0.15347003936767578,0,0.5997797250747681
2639,0.24471519887447357,0.19478154182434082,2,2,0.24471519887447357,0.19478154182434082,2,0.5136258602142334
339,0.050274673849344254,0.07527035474777222,2,2,0.050274673849344254,0.07527035474777222,2,0.8364754319190979
2887,4.957374572753906,13.935295104980469,3,3,13.42343521118164,25.82535171508789,5,0.9843127131462097
2922,4.015946865081787,6.750220775604248,5,5,4.015946865081787,6.750220775604248,5,0.982297420501709
3047,0.39551034569740295,0.4280112385749817,2,2,0.39551034569740295,0.4280112385749817,2,0.9282194375991821
2464,0.02815817855298519,0.03361984342336655,2,2,0.02815817855298519,0.03361984342336655,2,0.804011881351471
2056,0.048857156187295914,0.0587296336889267,2,2,0.2542269229888916,0.4026804566383362,0,0.5679734945297241
1366,0.027041608467698097,0.01934533379971981,2,2,0.027041608467698097,0.01934533379971981,2,0.524463951587677
1395,0.07075925916433334,0.09628555178642273,2,2,0.07075925916433334,0.09628555178642273,2,0.9576209187507629
966,0.03841731324791908,0.12477943301200867,2,2,0.03841731324791908,0.12477943301200867,2,0.7954049706459045
3237,0.04694823548197746,0.12808692455291748,2,2,0.04694823548197746,0.12808692455291748,2,0.9794301986694336
1505,0.1197248324751854,0.06511816382408142,2,2,0.1197248324751854,0.06511816382408142,2,0.9814081788063049
1432,0.08207104355096817,0.1851826012134552,2,2,0.08207104355096817,0.1851826012134552,2,0.8560107946395874
1301,0.6170654296875,0.29449963569641113,5,5,0.6170654296875,0.29449963569641113,5,0.7237479090690613
1920,3.6037979125976562,5.943498134613037,5,5,3.6037979125976562,5.943498134613037,5,0.9761103987693787
7,0.20591501891613007,0.30960527062416077,0,0,0.27036550641059875,0.4107677936553955,2,0.9373568296432495
924,0.04140070080757141,0.05887562781572342,2,2,0.04140070080757141,0.05887562781572342,2,0.997488260269165
2578,0.02862345427274704,0.06997406482696533,2,2,0.02862345427274704,0.06997406482696533,2,0.8222212791442871
1427,0.0654648020863533,0.13170793652534485,2,2,0.0654648020863533,0.13170793652534485,2,0.8600555062294006
3393,1.2840744256973267,1.0397087335586548,3,3,1.2840744256973267,1.0397087335586548,3,0.7809308171272278
2009,0.05205048248171806,0.08884993940591812,2,2,0.05205048248171806,0.08884993940591812,2,0.6495847105979919
2924,2.1861298084259033,4.678475379943848,5,5,2.1861298084259033,4.678475379943848,5,0.9918511509895325
2240,0.03930085524916649,0.045947954058647156,2,2,0.03930085524916649,0.045947954058647156,2,0.997043788433075
3367,0.33632421493530273,0.5618504285812378,0,2,0.33632421493530273,1.0850284099578857,0,0.4786505699157715
2438,0.1485135406255722,0.47807586193084717,2,2,0.1485135406255722,0.47807586193084717,2,0.6111651062965393
610,1.5030540227890015,2.7133066654205322,1,0,2.5036580562591553,3.720099449157715,2,0.5795258283615112
916,0.0415392629802227,0.05991878733038902,2,2,0.0415392629802227,0.05991878733038902,2,0.9974880218505859
1548,0.07577597349882126,0.12362869083881378,2,2,0.07577597349882126,0.12362869083881378,2,0.8490698337554932
1526,0.08583056926727295,0.1242419108748436,2,2,0.08583056926727295,0.1242419108748436,2,0.8670377135276794
3321,0.535554051399231,1.9560129642486572,1,1,4.700134754180908,5.536346435546875,5,0.40384480357170105
1524,0.09650823473930359,0.09947491437196732,0,0,0.09650823473930359,0.09947491437196732,0,0.547197163105011
991,8.498427391052246,18.432437896728516,5,5,14.507534980773926,34.47904968261719,3,0.5411246418952942
2405,0.13012368977069855,0.14226143062114716,2,2,0.13012368977069855,0.14226143062114716,2,0.5421151518821716
794,0.05216091498732567,0.05508825555443764,2,2,0.05216091498732567,0.05508825555443764,2,0.9891043901443481
2983,0.07626555114984512,0.176346093416214,2,2,0.07626555114984512,0.176346093416214,2,0.9768540263175964
2007,0.28264060616493225,0.46696093678474426,2,2,0.28264060616493225,0.46696093678474426,2,0.6808610558509827
396,0.5764186978340149,0.26985594630241394,2,2,0.7705361843109131,1.8139700889587402,0,0.47325214743614197
1717,1.421899437904358,1.7147387266159058,0,0,1.421899437904358,1.7147387266159058,0,0.3828430771827698
2005,0.09911342710256577,0.12383551895618439,2,2,0.24155038595199585,0.3275286853313446,0,0.5822310447692871
621,0.18146659433841705,0.16702058911323547,0,0,0.18146659433841705,0.16702058911323547,0,0.6552733182907104
281,0.08150612562894821,0.01851750537753105,2,2,0.08150612562894821,0.01851750537753105,2,0.9696943759918213
1551,0.05853237584233284,0.09108611941337585,2,2,0.05853237584233284,0.09108611941337585,2,0.8631311655044556
80,0.08443799614906311,0.11826425045728683,2,2,0.08443799614906311,0.11826425045728683,2,0.9974472522735596
1818,0.031099693849682808,0.03793969005346298,2,2,0.031099693849682808,0.03793969005346298,2,0.9971511960029602
269,0.030728807672858238,0.03355918452143669,2,2,0.030728807672858238,0.03355918452143669,2,0.9970782995223999
3020,0.01861896738409996,0.03437057137489319,2,2,0.01861896738409996,0.03437057137489319,2,0.8767518997192383
3496,0.5564624667167664,1.803446650505066,3,3,5.180836200714111,13.909146308898926,5,0.6185607314109802
429,0.23562361299991608,0.3306238055229187,0,2,0.27192482352256775,0.3306238055229187,2,0.9090674519538879
246,0.48310592770576477,0.6074252128601074,3,3,0.48310592770576477,0.6074252128601074,3,0.6947342753410339
1457,0.051847416907548904,0.07000672817230225,2,2,0.051847416907548904,0.07000672817230225,2,0.8582066893577576
705,1.6757526397705078,1.9373462200164795,5,5,4.279257297515869,11.37431812286377,0,0.41627904772758484
2132,0.04577754810452461,0.06636634469032288,2,2,0.04577754810452461,0.06636634469032288,2,0.7832043170928955
2426,0.10697213560342789,0.0721275806427002,0,0,0.10697213560342789,0.0721275806427002,0,0.9172718524932861
439,0.21003639698028564,0.2912929952144623,2,2,0.21003639698028564,0.2912929952144623,2,0.9444946646690369
2031,0.06759215146303177,0.06558939069509506,2,2,0.06759215146303177,0.06558939069509506,2,0.7329186797142029
2982,0.21875561773777008,0.24977678060531616,2,2,0.21875561773777008,0.24977678060531616,2,0.983903169631958
2063,0.04747752472758293,0.05086037889122963,2,2,0.2518741190433502,0.4017413854598999,0,0.5764865279197693
1280,0.08502522110939026,0.10312265902757645,2,2,0.08502522110939026,0.10312265902757645,2,0.8676686882972717
2499,0.18850751221179962,0.2252075970172882,0,2,0.18850751221179962,0.2263435274362564,0,0.564491868019104
1361,0.026284629479050636,0.016535283997654915,2,2,0.026284629479050636,0.016535283997654915,2,0.514985203742981
939,2.8611106872558594,2.2537975311279297,3,3,5.129085540771484,16.44774055480957,5,0.7656792998313904
2066,0.03367702290415764,0.03479447588324547,2,2,0.03367702290415764,0.03479447588324547,2,0.904475212097168
3242,0.016110988333821297,0.026615656912326813,2,2,0.016110988333821297,0.026615656912326813,2,0.986901581287384
3137,0.15555144846439362,0.18117058277130127,0,0,0.24092382192611694,0.4113312065601349,2,0.8423129916191101
338,0.07573891431093216,0.15870311856269836,2,2,0.07573891431093216,0.15870311856269836,2,0.9945794343948364
1999,0.27560117840766907,0.3008919954299927,2,2,0.40280652046203613,0.44207629561424255,0,0.5811066627502441
883,0.018633605912327766,0.02685263380408287,2,2,0.018633605912327766,0.02685263380408287,2,0.9912580847740173
34,0.13690757751464844,0.1012875959277153,2,2,0.13690757751464844,0.1012875959277153,2,0.9692373871803284
2543,0.02533397078514099,0.010531382635235786,2,2,0.02533397078514099,0.010531382635235786,2,0.8125460743904114
1139,0.14758703112602234,0.17442898452281952,0,0,0.16096718609333038,0.19046194851398468,2,0.8535828590393066
1887,0.7077112197875977,2.1748924255371094,1,1,2.3281049728393555,8.21399974822998,0,0.4977131187915802
2774,0.18881960213184357,0.41705209016799927,2,2,0.18881960213184357,0.41705209016799927,2,0.7045900225639343
2206,0.17244292795658112,0.271820068359375,2,2,0.17244292795658112,0.271820068359375,2,0.8600207567214966
1839,0.7276696562767029,0.8411609530448914,5,5,0.7276696562767029,0.8411609530448914,5,0.9911826848983765
2523,0.052324965596199036,0.1210547611117363,2,2,0.052324965596199036,0.1210547611117363,2,0.8231819868087769
2582,0.06203651800751686,0.1268041580915451,2,2,0.06203651800751686,0.1268041580915451,2,0.8602206707000732
3266,0.8382790684700012,0.6729537844657898,2,2,0.9420482516288757,2.4773292541503906,0,0.26207610964775085
2881,1.243058443069458,2.7248897552490234,5,5,1.243058443069458,2.7248897552490234,5,0.852824866771698
548,0.06845462322235107,0.07506757229566574,2,2,0.06845462322235107,0.07506757229566574,2,0.8235734701156616
1592,0.1553097665309906,0.19897311925888062,2,2,0.1553097665309906,0.19897311925888062,2,0.9558693170547485
2271,0.12160882353782654,0.16082200407981873,2,2,0.12160882353782654,0.16082200407981873,2,0.8358137607574463
1865,1.3816908597946167,2.328925132751465,5,5,1.3816908597946167,2.328925132751465,5,0.7812759876251221
61,0.14347931742668152,0.3189275562763214,2,2,0.14347931742668152,0.3189275562763214,2,0.8164691925048828
1699,0.035340603440999985,0.04421563819050789,2,2,0.035340603440999985,0.04421563819050789,2,0.9970544576644897
1135,0.10503868013620377,0.1257987767457962,2,2,0.10503868013620377,0.1257987767457962,2,0.836539626121521
1670,1.2745283842086792,0.028353389352560043,3,3,1.2745283842086792,0.028353389352560043,3,0.7366032004356384
1436,0.061603203415870667,0.11090419441461563,2,2,0.061603203415870667,0.11090419441461563,2,0.8607838749885559
489,0.1680779606103897,0.21812844276428223,2,2,0.1680779606103897,0.21812844276428223,2,0.8922450542449951
2963,2.331393241882324,4.390082836151123,5,5,2.331393241882324,4.390082836151123,5,0.9792411923408508
3024,1.0676389932632446,3.3663527965545654,3,3,1.0676389932632446,3.3663527965545654,3,0.5035299062728882
391,0.27993911504745483,0.37052327394485474,2,2,0.27993911504745483,0.37052327394485474,2,0.6406590938568115
2703,0.14732307195663452,0.12311895936727524,2,2,0.20292936265468597,0.3043701946735382,0,0.5683377385139465
1683,0.016009517014026642,0.015172594226896763,2,2,0.016009517014026642,0.015172594226896763,2,0.9981422424316406
2306,0.03412344679236412,0.03685159981250763,2,2,0.03412344679236412,0.03685159981250763,2,0.9077728390693665
1724,1.158744215965271,0.7064018249511719,0,0,1.158744215965271,0.7064018249511719,0,0.5862878561019897
2598,0.07199115306138992,0.2167854607105255,2,2,0.07199115306138992,0.2167854607105255,2,0.700839638710022
2962,2.3242199420928955,3.652024507522583,5,5,2.3242199420928955,3.652024507522583,5,0.9678309559822083
768,0.018736284226179123,0.012174054980278015,2,2,0.018736284226179123,0.012174054980278015,2,0.9242539405822754
2164,0.0678621307015419,0.11461096256971359,1,1,0.5603957772254944,0.7111203670501709,2,0.3005707561969757
1472,0.20285727083683014,0.20724353194236755,2,2,0.20285727083683014,0.20724353194236755,2,0.8835560083389282
1777,1.5800100564956665,3.753988265991211,4,4,1.5800100564956665,3.753988265991211,4,0.8851562142372131
1943,0.06970462948083878,0.09914733469486237,2,2,0.06970462948083878,0.09914733469486237,2,0.9969684481620789
1269,0.025321511551737785,0.023694900795817375,2,2,0.025321511551737785,0.023694900795817375,2,0.7431149482727051
1141,0.13275520503520966,0.15842397511005402,0,0,0.13734367489814758,0.2059541642665863,2,0.895298421382904
2684,0.20246522128582,0.3062753975391388,2,2,0.3540322780609131,0.40200990438461304,0,0.5701329708099365
3440,0.14426054060459137,0.05465370789170265,0,0,0.22786502540111542,0.6172832250595093,2,0.7529852986335754
1045,0.02448977716267109,0.016046088188886642,2,2,0.02448977716267109,0.016046088188886642,2,0.9616090655326843
828,1.3718085289001465,2.6945412158966064,3,3,6.332798004150391,12.112709045410156,5,0.7151967883110046
1755,0.03461380675435066,0.04259461164474487,2,2,0.03461380675435066,0.04259461164474487,2,0.9968344569206238
1294,0.6817560791969299,1.5024315118789673,5,5,0.6817560791969299,1.5024315118789673,5,0.7875548601150513
1642,0.13019806146621704,0.16574332118034363,0,2,0.13019806146621704,0.26468625664711,0,0.5153708457946777
1420,0.03203355893492699,0.03786147013306618,2,2,0.03203355893492699,0.03786147013306618,2,0.9942547678947449
2860,0.03432069346308708,0.03655373305082321,2,2,0.03432069346308708,0.03655373305082321,2,0.9086129069328308
2562,0.06261717528104782,0.1234574243426323,0,0,0.33470824360847473,0.5096361637115479,2,0.755977988243103
2633,0.20237207412719727,0.3052872121334076,0,0,0.20237207412719727,0.3052872121334076,0,0.5999394059181213
1492,0.04459042847156525,0.06625397503376007,2,2,0.04459042847156525,0.06625397503376007,2,0.8846073746681213
1387,0.10218601673841476,0.09260021150112152,2,2,0.10218601673841476,0.09260021150112152,2,0.8664535284042358
1308,0.01899603381752968,0.017541367560625076,2,2,0.01899603381752968,0.017541367560625076,2,0.9389064311981201
1189,0.06592120230197906,0.07168114930391312,2,2,0.06592120230197906,0.07168114930391312,2,0.8963068723678589
2080,0.03488345816731453,0.037379249930381775,2,2,0.03488345816731453,0.037379249930381775,2,0.901984691619873
3034,0.49980416893959045,1.5276739597320557,5,5,6.875629425048828,12.619503021240234,0,0.3750104308128357
94,4.485274791717529,11.218599319458008,4,4,12.526546478271484,30.5875244140625,1,0.4027707576751709
3468,0.3674090802669525,0.8636167645454407,3,3,0.3674090802669525,0.8636167645454407,3,0.7474859356880188
463,0.05331210419535637,0.2224014848470688,2,2,0.05331210419535637,0.2224014848470688,2,0.9380794763565063
726,0.06212456524372101,0.06503823399543762,2,2,0.06212456524372101,0.06503823399543762,2,0.996569037437439
2762,0.11509931087493896,0.11045705527067184,0,0,0.19233645498752594,0.2891674339771271,2,0.7005624771118164
371,0.19264154136180878,0.40650612115859985,2,2,0.19264154136180878,0.40650612115859985,2,0.8451211452484131
2077,0.03482098504900932,0.037488341331481934,2,2,0.03482098504900932,0.037488341331481934,2,0.9035447835922241
716,0.17763061821460724,0.3252527713775635,2,2,0.8282487392425537,2.2649543285369873,0,0.4123207926750183
2737,0.01831233687698841,0.025550492107868195,2,2,0.01831233687698841,0.025550492107868195,2,0.9964683055877686
1334,0.12298422306776047,0.24679844081401825,2,2,0.12298422306776047,0.24679844081401825,2,0.8325215578079224
1125,0.21765439212322235,0.3465965688228607,2,2,0.21765439212322235,0.3465965688228607,2,0.998110294342041
1408,0.0715387687087059,0.12167566269636154,2,2,0.0715387687087059,0.12167566269636154,2,0.8642829060554504
599,0.16261626780033112,0.12611360847949982,2,0,0.16261626780033112,0.44765013456344604,2,0.8423553109169006
3283,0.734261691570282,1.092413067817688,5,5,0.734261691570282,1.092413067817688,5,0.7393355965614319
223,0.13255730271339417,0.21384288370609283,2,2,0.13255730271339417,0.21384288370609283,2,0.9392703771591187
633,0.03269675746560097,0.04342934861779213,2,2,0.03269675746560097,0.04342934861779213,2,0.8660125732421875
1312,0.018237486481666565,0.026505477726459503,2,2,0.018237486481666565,0.026505477726459503,2,0.8782802224159241
1062,0.03247732296586037,0.03148242086172104,2,2,0.03247732296586037,0.03148242086172104,2,0.990461528301239
2249,0.06423445045948029,0.07111797481775284,2,2,0.06423445045948029,0.07111797481775284,2,0.9970408082008362
1713,0.3574036657810211,0.3778303265571594,1,1,0.3574036657810211,0.3778303265571594,1,0.3353694677352905
425,0.12819822132587433,0.12256156653165817,2,2,0.12819822132587433,0.12256156653165817,2,0.6272843480110168
549,0.13682886958122253,0.11847120523452759,2,2,0.13682886958122253,0.11847120523452759,2,0.9241778254508972
2512,0.1432471126317978,0.17528094351291656,2,2,0.1432471126317978,0.17528094351291656,2,0.9075859189033508
1140,0.038296885788440704,0.08294404298067093,2,2,0.038296885788440704,0.08294404298067093,2,0.9744839072227478
2709,0.047505397349596024,0.135445699095726,2,2,0.047505397349596024,0.135445699095726,2,0.997286319732666
2016,0.13480912148952484,0.22079779207706451,2,2,0.13480912148952484,0.22079779207706451,2,0.530028760433197
893,6.696565628051758,11.857181549072266,5,3,7.6628193855285645,11.857181549072266,3,0.557482898235321
1697,0.034027524292469025,0.04229448735713959,2,2,0.034027524292469025,0.04229448735713959,2,0.9971466660499573
1008,3.7257044315338135,9.336532592773438,5,5,3.7257044315338135,9.336532592773438,5,0.8622779250144958
1419,0.9557575583457947,0.8139984607696533,1,1,3.8672733306884766,4.111113548278809,0,0.4575149416923523
1744,0.03447782248258591,0.042318932712078094,2,2,0.03447782248258591,0.042318932712078094,2,0.9968174695968628
93,4.2651753425598145,12.859976768493652,4,4,13.020472526550293,34.615352630615234,5,0.811691403388977
77,0.09332389384508133,0.12707552313804626,2,2,0.09332389384508133,0.12707552313804626,2,0.9918055534362793
639,0.05910961702466011,0.07610522210597992,2,2,0.05910961702466011,0.07610522210597992,2,0.8643868565559387
1913,0.9105977416038513,1.8775068521499634,5,5,0.9105977416038513,1.8775068521499634,5,0.9910218119621277
2227,0.054762210696935654,0.054035332053899765,2,2,0.054762210696935654,0.054035332053899765,2,0.8586271405220032
3446,0.20536577701568604,0.08376510441303253,2,2,0.20536577701568604,0.08376510441303253,2,0.5756389498710632
498,0.030756140127778053,0.05136362090706825,2,2,0.030756140127778053,0.05136362090706825,2,0.8991904258728027
3327,0.717057466506958,0.8945438861846924,0,0,1.2032418251037598,3.7223358154296875,1,0.36935457587242126
3175,0.0524892620742321,0.05675269663333893,2,2,0.0524892620742321,0.05675269663333893,2,0.8174068927764893
872,0.02064702659845352,0.02884928695857525,2,2,0.02064702659845352,0.02884928695857525,2,0.992877185344696
3049,0.12512578070163727,0.3113809823989868,2,2,0.12512578070163727,0.3113809823989868,2,0.7780672311782837
1175,0.1441025286912918,0.16288471221923828,2,2,0.1441025286912918,0.16288471221923828,2,0.727575957775116
3400,4.263784885406494,9.11379623413086,5,5,4.263784885406494,9.11379623413086,5,0.622818112373352
910,0.04116037115454674,0.058794353157281876,2,2,0.04116037115454674,0.058794353157281876,2,0.9974889755249023
443,0.14338283240795135,0.1519753336906433,2,2,0.14338283240795135,0.1519753336906433,2,0.6467664837837219
3280,3.6859819889068604,6.496427059173584,5,5,3.6859819889068604,6.496427059173584,5,0.7119572162628174
2086,0.0361211858689785,0.03996623679995537,2,2,0.0361211858689785,0.03996623679995537,2,0.8996403217315674
2380,0.11834824085235596,0.1896967589855194,2,0,0.11834824085235596,0.20845355093479156,2,0.5997889637947083
3486,1.24687922000885,2.0161566734313965,3,3,1.24687922000885,2.0161566734313965,3,0.7410826086997986
2508,0.3373028039932251,0.22612930834293365,0,0,0.3904125988483429,0.2659606635570526,2,0.6003999710083008
1250,0.06506191939115524,0.07355236262083054,2,2,0.06506191939115524,0.07355236262083054,2,0.9958747029304504
1385,0.15735425055027008,0.16361147165298462,0,0,0.16844813525676727,0.36070674657821655,2,0.7937813401222229
3107,2.132920980453491,4.42515754699707,3,3,2.132920980453491,4.42515754699707,3,0.5154072642326355
64,0.16866225004196167,0.30274537205696106,2,2,0.16866225004196167,0.30274537205696106,2,0.8183127045631409
1550,0.058668944984674454,0.09137012809515,2,2,0.058668944984674454,0.09137012809515,2,0.8630207180976868
2726,0.2351505160331726,0.4068298637866974,2,0,0.2351505160331726,0.48728612065315247,2,0.8585753440856934
1589,0.17350858449935913,0.3017849922180176,2,2,0.17350858449935913,0.3017849922180176,2,0.9914331436157227
2266,0.30396386981010437,1.4042636156082153,2,0,0.30396386981010437,1.7567157745361328,2,0.7497743368148804
1869,1.3538278341293335,2.174093246459961,5,5,1.3538278341293335,2.174093246459961,5,0.832381546497345
2846,0.06820275634527206,0.04887749254703522,0,0,0.06820275634527206,0.04887749254703522,0,0.6596882939338684
1474,0.0691152885556221,0.046466078609228134,2,2,0.0691152885556221,0.046466078609228134,2,0.9393080472946167
3475,1.2281187772750854,2.4499809741973877,3,3,1.2281187772750854,2.4499809741973877,3,0.7262368202209473
2875,0.09235582500696182,0.1215938925743103,2,2,0.09235582500696182,0.1215938925743103,2,0.8562249541282654
1807,0.03455420583486557,0.044609904289245605,2,2,0.03455420583486557,0.044609904289245605,2,0.9972913861274719
2763,0.08144593983888626,0.10392669588327408,2,2,0.08144593983888626,0.10392669588327408,2,0.8005548119544983
434,0.07080862671136856,0.11299244314432144,2,2,0.07080862671136856,0.11299244314432144,2,0.9108038544654846
688,0.16763633489608765,0.34273019433021545,2,2,0.16763633489608765,0.34273019433021545,2,0.9916316866874695
1836,1.0876531600952148,2.861008405685425,5,5,1.0876531600952148,2.861008405685425,5,0.991439938545227
3016,0.027409454807639122,0.05502454563975334,2,2,0.027409454807639122,0.05502454563975334,2,0.8688979744911194
550,0.17198021709918976,0.3002181053161621,2,2,0.17198021709918976,0.3002181053161621,2,0.7491905689239502
849,0.03152889013290405,0.06399041414260864,2,2,0.03152889013290405,0.06399041414260864,2,0.9980632662773132
3381,0.3067566454410553,0.3122703731060028,0,2,0.3067566454410553,0.9223646521568298,0,0.5063209533691406
907,0.041266538202762604,0.0588221438229084,2,2,0.041266538202762604,0.0588221438229084,2,0.997490644454956
1682,2.202197790145874,1.1887075901031494,3,3,2.202197790145874,1.1887075901031494,3,0.7017189264297485
819,2.863443613052368,3.4784340858459473,3,3,5.48102331161499,14.714942932128906,5,0.8624690175056458
3006,0.08643869310617447,0.10768517106771469,2,2,0.08643869310617447,0.10768517106771469,2,0.9683757424354553
1611,0.03698528930544853,0.04416683688759804,2,2,0.03698528930544853,0.04416683688759804,2,0.9970768690109253
96,0.1353575736284256,0.22772175073623657,2,2,0.1353575736284256,0.22772175073623657,2,0.9795225858688354
1070,0.03011731244623661,0.026619311422109604,2,2,0.03011731244623661,0.026619311422109604,2,0.9915481209754944
2312,0.03300401195883751,0.034167997539043427,2,2,0.03300401195883751,0.034167997539043427,2,0.9083241820335388
1165,0.03230245038866997,0.061439041048288345,2,2,0.03230245038866997,0.061439041048288345,2,0.8205050230026245
1362,0.30252256989479065,0.26615583896636963,2,2,0.30252256989479065,0.26615583896636963,2,0.9627410173416138
306,0.018077697604894638,0.01855716109275818,2,2,0.018077697604894638,0.01855716109275818,2,0.9811692833900452
744,3.2439448833465576,5.270359516143799,3,3,5.181732654571533,15.019696235656738,5,0.5399683713912964
2436,0.13686875998973846,0.2307824194431305,2,2,0.13686875998973846,0.2307824194431305,2,0.5310308933258057
785,0.03441064432263374,0.04402162879705429,2,2,0.03441064432263374,0.04402162879705429,2,0.9981207251548767
2679,0.5742918848991394,0.5427640676498413,0,0,0.6814890503883362,0.5752577781677246,2,0.7865497469902039
1736,0.5422452092170715,1.1642080545425415,5,5,3.7717971801757812,6.3374505043029785,3,0.7634110450744629
1115,0.03617214038968086,0.045707497745752335,2,2,0.03617214038968086,0.045707497745752335,2,0.9980288147926331
1553,0.13600480556488037,0.195536270737648,2,2,0.2694986164569855,0.34011736512184143,0,0.5109332799911499
2186,0.05008481442928314,0.03176749125123024,2,2,0.05008481442928314,0.03176749125123024,2,0.6532316207885742
935,0.637036919593811,1.4404730796813965,5,5,0.637036919593811,1.4404730796813965,5,0.7804722189903259
1924,3.1262197494506836,8.161584854125977,5,5,3.1262197494506836,8.161584854125977,5,0.968670129776001
1776,1.2165287733078003,4.149652004241943,4,4,1.2165287733078003,4.149652004241943,4,0.9330140352249146
73,0.06332612782716751,0.029513025656342506,2,2,0.06332612782716751,0.029513025656342506,2,0.9970280528068542
1376,0.03815013915300369,0.05756736174225807,2,2,0.03815013915300369,0.05756736174225807,2,0.8640537858009338
707,4.841020584106445,8.84424114227295,5,5,13.68170166015625,29.44424057006836,3,0.6323590278625488
1549,0.07577597349882126,0.12362869083881378,2,2,0.07577597349882126,0.12362869083881378,2,0.8490698337554932
3067,1.5299147367477417,3.660409450531006,3,3,12.707382202148438,31.71346092224121,5,0.9424470663070679
3044,0.494348406791687,0.9977450966835022,3,3,0.494348406791687,0.9977450966835022,3,0.6621006727218628
2071,0.030804479494690895,0.026298485696315765,2,2,0.030804479494690895,0.026298485696315765,2,0.8998900055885315
1443,0.0313158743083477,0.011549311690032482,2,2,0.0313158743083477,0.011549311690032482,2,0.7934069633483887
3261,0.18607556819915771,0.07673945277929306,2,2,0.18607556819915771,0.07673945277929306,2,0.8803136944770813
846,0.03083847649395466,0.06237468495965004,2,2,0.03083847649395466,0.06237468495965004,2,0.9980314373970032
3247,0.01588374748826027,0.010586053133010864,2,2,0.01588374748826027,0.010586053133010864,2,0.9871503114700317
2649,0.041860759258270264,0.0481143519282341,2,2,0.041860759258270264,0.0481143519282341,2,0.830536425113678
746,1.356974720954895,3.2944819927215576,3,3,1.356974720954895,3.2944819927215576,3,0.9616808891296387
1479,0.09537768363952637,0.219215989112854,2,2,0.09537768363952637,0.219215989112854,2,0.8901562094688416
3427,0.4388751685619354,0.2459336668252945,0,0,0.6928720474243164,0.64003586769104,2,0.7425569295883179
538,0.19310306012630463,0.16563069820404053,2,2,0.19310306012630463,0.16563069820404053,2,0.827505350112915
1370,0.14335955679416656,0.1807573288679123,2,2,0.14335955679416656,0.1807573288679123,2,0.8421916961669922
179,0.1209254190325737,0.18006984889507294,0,0,0.18793775141239166,0.44328057765960693,2,0.9157559871673584
1804,0.09276913851499557,0.12108390778303146,2,2,0.09276913851499557,0.12108390778303146,2,0.9968883395195007
1964,6.985158443450928,10.65695858001709,5,5,6.985158443450928,10.65695858001709,5,0.991998016834259
2239,0.07092723250389099,0.11454786360263824,2,2,0.07092723250389099,0.11454786360263824,2,0.8653992414474487
1674,1.5691676139831543,1.6455494165420532,1,1,2.0024452209472656,6.723355770111084,3,0.47700706124305725
2654,0.057692840695381165,0.12548628449440002,2,2,0.057692840695381165,0.12548628449440002,2,0.7551325559616089
152,0.24832729995250702,0.4598182439804077,0,0,0.46873584389686584,1.0861759185791016,2,0.6052031517028809
1415,0.07185095548629761,0.12233230471611023,2,2,0.07185095548629761,0.12233230471611023,2,0.8642576932907104
3292,0.31712380051612854,0.8617393374443054,5,5,0.31712380051612854,0.8617393374443054,5,0.6206774115562439
3369,0.29785412549972534,0.45986294746398926,0,2,0.29785412549972534,0.7939280271530151,0,0.5085829496383667
2996,0.10304427891969681,0.12882910668849945,2,2,0.10304427891969681,0.12882910668849945,2,0.9857165813446045
1243,0.22795940935611725,0.32503700256347656,0,2,0.25803226232528687,0.32503700256347656,2,0.548557460308075
3037,0.40539681911468506,1.065645456314087,5,5,0.40539681911468506,1.065645456314087,5,0.4952210485935211
2647,0.09390128403902054,0.07605363428592682,2,2,0.09390128403902054,0.07605363428592682,2,0.7466123700141907
797,0.05236176773905754,0.05506453290581703,2,2,0.05236176773905754,0.05506453290581703,2,0.9891389012336731
1087,0.05531168356537819,0.04570234939455986,2,2,0.05531168356537819,0.04570234939455986,2,0.8705861568450928
1118,0.04533812403678894,0.03982410207390785,2,2,0.04533812403678894,0.03982410207390785,2,0.9978147745132446
